Simplified,English Translation,Pinyin
民,people,mín
时间,time,Shíjiān
一年,year,yī nián
事,thing,shì
道路,way,dàolù
一天,day,yītiān
男人,man,nánrén
状态,state,zhuàngtài
地段,lot,dìduàn
女人,woman,nǚrén
国内,country,guónèi
生活,life,shēnghuó
问题,question,wèntí
总统,president,zǒngtǒng
孩子,child,háizi
一周,week,yīzhōu
世界,world,shìjiè
那种,kind,nà zhǒng
案件,case,ànjiàn
问题,problem,wèntí
事实,fact,shìshí
家庭,family,jiātíng
这个故事,story,zhège gùshì
点,point,diǎn
政府,government,zhèngfǔ
钱,money,qián
问题,issue,wèntí
部分,part,bùfèn
清晨,morning,qīngchén
那家伙,guy,nà jiāhuo
数量,number,shùliàng
就业,job,jiùyè
夜晚,night,yèwǎn
正确的,right,zhèngquè de
学校,school,xuéxiào
的地方,place,dì dìfāng
战争,war,zhànzhēng
孩子,kid,háizi
一个月,month,yīgè yuè
本书,book,běn shū
小时,hour,xiǎoshí
演出,show,yǎnchū
警方,police,jǐngfāng
该程序,program,gāi chéngxù
党,party,dǎng
法律,law,fǎlǜ
字,word,zì
此人,person,cǐ rén
主场,home,zhǔchǎng
业务,business,yèwù
朋友,friend,péngyǒu
公司,company,gōngsī
侧面,side,cèmiàn
税,tax,shuì
民主党,democrat,mínzhǔdǎng
该集团,group,gāi jítuán
瞬间,moment,shùnjiān
破,break,pò
这个想法,idea,zhège xiǎngfǎ
成员,member,chéngyuán
系统,system,xìtǒng
一分钟,minute,yī fēnzhōng
原因,reason,yuányīn
竞选,campaign,jìngxuǎn
工作,work,gōngzuò
全国,nation,quánguó
大会,congress,dàhuì
母亲,mother,mǔqīn
力,force,lì
健康,health,jiànkāng
背部,back,bèibù
区域,area,qūyù
名字,name,míngzì
报告,report,bàogào
手,hand,shǒu
行,line,xíng
结束,end,jiéshù
法院,court,fǎyuàn
护理,care,hùlǐ
夫妻,couple,fūqī
房子,house,fángzi
美国,american,měiguó
父亲,father,fùqīn
情况,situation,qíngkuàng
汽车,car,qìchē
父,parent,fù
管理,administration,guǎnlǐ
药物,drug,yàowù
城市,city,chéngshì
感,sense,gǎn
政策,policy,zhèngcè
办公室,office,bàngōngshì
决定,decision,juédìng
动力,power,dònglì
计划,plan,jìhuà
领导者,leader,lǐngdǎo zhě
信息,information,xìnxī
选,election,xuǎn
电影,movie,diànyǐng
死亡,death,sǐwáng
空气,air,kōngqì
通话,call,tōnghuà
社区,community,shèqū
外观,look,wàiguān
证据,evidence,zhèngjù
女孩,girl,nǚhái
医生,doctor,yīshēng
投票,vote,tóupiào
视频,video,shìpín
图片,picture,túpiàn
房间,room,fángjiān
该位,bit,gāi wèi
经济,economy,jīngjì
手机,phone,shǒujī
历史,history,lìshǐ
排序,sort,páixù
男孩,boy,nánhái
犯罪,crime,fànzuì
流程,process,liúchéng
妻子,wife,qīzi
音乐,music,yīnyuè
水,water,shuǐ
服务,service,fúwù
记录,record,jìlù
安全,security,ānquán
会谈,talk,huìtán
心灵,mind,xīnlíng
头部,head,tóu bù
候选,candidate,hòuxuǎn
官方,official,guānfāng
摄像头,camera,shèxiàngtóu
学生,student,xuéshēng
攻击,attack,gōngjí
机会,chance,jīhuì
游戏,game,yóuxì
宝宝,baby,bǎobǎo
南方,south,nánfāng
变化,change,biànhuà
试用,trial,shìyòng
身体,body,shēntǐ
市场,market,shìchǎng
东东,stuff,dōng dōng
兴趣,interest,xìngqù
武器,weapon,wǔqì
的心脏,heart,de xīnzàng
儿子,son,érzi
球队,team,qiú duì
小镇,town,xiǎo zhèn
电视,television,diànshì
意志,will,yìzhì
队伍,troop,duìwǔ
法官,judge,fǎguān
行动,action,xíngdòng
答案,answer,dá'àn
位置,position,wèizhì
视图,view,shìtú
区别,difference,qūbié
食品,food,shípǐn
女儿,daughter,nǚ'ér
比赛,race,bǐsài
成交,deal,chéngjiāo
街头,street,jiētóu
价格,price,jiàgé
消息,message,xiāoxī
控制,control,kòngzhì
辩论,debate,biànlùn
军官,officer,jūnguān
电影,film,diànyǐng
水平,level,shuǐpíng
努力,effort,nǔlì
关系,relationship,guānxì
记者,correspondent,jìzhě
地面,ground,dìmiàn
片,piece,piàn
丈夫,husband,zhàngfū
预算,budget,yùsuàn
陪审团,jury,péishěn tuán
记者,reporter,jìzhě
周末,weekend,zhōumò
此事,matter,cǐ shì
年龄,age,niánlíng
枪,gun,qiāng
和平,peace,hépíng
谋杀,murder,móushā
角色,role,juésè
调查,investigation,diàochá
经验,experience,jīngyàn
医院,hospital,yīyuàn
眼,eye,yǎn
导演,director,dǎoyǎn
未来,future,wèilái
面对,face,miàn duì
油,oil,yóu
结果,result,jiéguǒ
公众,public,gōngzhòng
律师,lawyer,lǜshī
民意调查,poll,mínyì diàochá
第二,second,dì èr
机会,opportunity,jīhuì
行业,industry,hángyè
的哥,brother,dí gē
声明,statement,shēngmíng
火,fire,huǒ
爱情,love,àiqíng
率,rate,lǜ
效果,effect,xiàoguǒ
这首歌,song,zhè shǒu gē
事件,event,shìjiàn
充电,charge,chōngdiàn
支持,support,zhīchí
无线电,radio,wúxiàndiàn
建筑,building,jiànzhú
银行,bank,yínháng
受害者,victim,shòuhài zhě
门,door,mén
采访,interview,cǎifǎng
现场,scene,xiànchǎng
其余的部分,rest,qíyú de bùfèn
新闻,press,xīnwén
注意,attention,zhùyì
选择,choice,xuǎnzé
讲话,speech,jiǎnghuà
病人,patient,bìngrén
真相,truth,zhēnxiàng
在路上,road,zài lùshàng
期限,term,qíxiàn
网站,site,wǎngzhàn
工人,worker,gōngrén
教授,professor,jiàoshòu
信,letter,xìn
改革,reform,gǎigé
关注,concern,guānzhù
民间,folk,mínjiān
性别,sex,xìngbié
研究,study,yánjiū
学院,college,xuéyuàn
选民,voter,xuǎnmín
墙上,wall,qiáng shàng
晚上,evening,wǎnshàng
会议,meeting,huìyì
声音,voice,shēngyīn
观众,audience,guānzhòng
暴力,violence,bàolì
规则,rule,guīzé
明星,star,míngxīng
测试,test,cèshì
教育,education,jiàoyù
麻烦,trouble,máfan
风险,risk,fēngxiǎn
监狱,prison,jiānyù
客人,guest,kèrén
类,class,lèi
社会,society,shèhuì
士兵,soldier,shìbīng
飞机,plane,fēijī
量,amount,liàng
帮助,help,bāngzhù
成本,cost,chéngběn
权威,authority,quánwēi
脚,foot,jiǎo
期,period,qī
感觉,feeling,gǎnjué
步骤,step,bùzhòu
事业,cause,shìyè
磁带,tape,cídài
威胁,threat,wēixié
意见,opinion,yìjiàn
该组织,organization,gāi zǔzhī
类型,type,lèixíng
谈话,conversation,tánhuà
本病,disease,běn bìng
操作,operation,cāozuò
癌症,cancer,áizhèng
该杂志,magazine,gāi zázhì
州长,governor,zhōuzhǎng
压力,pressure,yālì
多数,majority,duōshù
研究,research,yánjiū
字符,character,zìfú
该站,station,gāi zhàn
危机,crisis,wéijī
专家,expert,zhuānjiā
血,blood,xuè
董事长,chairman,dǒngshì zhǎng
参数,argument,cānshù
名单,list,míngdān
狗,dog,gǒu
计算机,computer,jìsuànjī
开始,beginning,kāishǐ
保险,insurance,bǎoxiǎn
现场,field,xiànchǎng
姐姐,sister,jiějiě
错误,mistake,cuòwù
播放器,player,bòfàng qì
能源,energy,néngyuán
纸,paper,zhǐ
空间,space,kōngjiān
店,store,diàn
协议,agreement,xiéyì
责任,responsibility,zérèn
女士,lady,nǚshì
顺序,order,shùnxù
夏,summer,xià
产品,product,chǎnpǐn
值,value,zhí
股票,stock,gǔpiào
情报,intelligence,qíngbào
老师,teacher,lǎoshī
该机构,agency,gāi jī gòu
贸易,trade,màoyì
会议,conference,huìyì
细胞,cell,xìbāo
教堂,church,jiàotáng
评论,comment,pínglùn
来源,source,láiyuán
过去,past,guòqù
切,cut,qiè
思想,thought,sīxiǎng
信贷,credit,xìndài
希望,hope,xīwàng
符号,sign,fúhào
职业生涯,career,zhíyè shēngyá
结婚,marriage,jiéhūn
条件,condition,tiáojiàn
证人,witness,zhèngrén
技术,technology,jìshù
舞台,stage,wǔtái
工作人员,staff,gōngzuò rényuán
手臂,arm,shǒubì
使命,mission,shǐmìng
艺术,art,yìshù
演员,actor,yǎnyuán
战斗,battle,zhàndòu
顶,top,dǐng
公民,citizen,gōngmín
笔者,author,bǐzhě
反应,reaction,fǎnyìng
绅士,gentleman,shēnshì
领导,leadership,lǐngdǎo
恐惧,fear,kǒngjù
这个例子,example,zhège lìzi
语言,language,yǔyán
需要,need,xūyào
司法,justice,sīfǎ
讨论,discussion,tǎolùn
边境,border,biānjìng
动物,animal,dòngwù
细节,detail,xìjié
响应,response,xiǎngyìng
网络,network,wǎngluò
运动,movement,yùndòng
使用,use,shǐyòng
男,male,nán
资本,capital,zīběn
听证会,hearing,tīngzhèng huì
标准,standard,biāozhǔn
受益,benefit,shòuyì
表,table,biǎo
治疗,treatment,zhìliáo
代理,agent,dàilǐ
该卡,card,gāi kǎ
拍摄,shot,pāishè
董事会,board,dǒngshìhuì
现实,reality,xiànshí
该先生,sir,gāi xiānshēng
土地,land,tǔdì
该项目,project,gāi xiàngmù
光,light,guāng
图像,image,túxiàng
世纪,century,shìjì
页面,page,yèmiàn
成功,success,chénggōng
声音,sound,shēngyīn
影响,impact,yǐngxiǎng
痛,pain,tòng
本赛季,season,běn sàijì
个人,individual,gèrén
体育,sport,tǐyù
工作室,studio,gōngzuò shì
十年,decade,shí nián
挑战,challenge,tiǎozhàn
梦想,dream,mèngxiǎng
报纸,newspaper,bàozhǐ
地板,floor,dìbǎn
战斗,fight,zhàndòu
安全,safety,ānquán
行为,act,xíngwéi
行程,trip,xíngchéng
课程,course,kèchéng
可能性,possibility,kěnéng xìng
自由,freedom,zìyóu
基金,fund,jījīn
座位,seat,zuòwèi
炸弹,bomb,zhàdàn
表单,form,biǎodān
执行,executive,zhíxíng
部长,minister,bùzhǎng
赤字,deficit,chìzì
发展,development,fāzhǎn
飞行,flight,fēixíng
秘书,secretary,mìshū
委员会,committee,wěiyuánhuì
消费者,consumer,xiāofèi zhě
摇滚,rock,yáogǔn
图,figure,tú
主题,subject,zhǔtí
文化,culture,wénhuà
头发,hair,tóufǎ
覆盖范围,coverage,fùgài fànwéi
损失,loss,sǔnshī
爸爸,dad,bàba
说明,note,shuōmíng
活动,activity,huódòng
目标,goal,mùbiāo
选项,option,xuǎnxiàng
气,gas,qì
该地区,region,gāi dìqū
人口,population,rénkǒu
能力,ability,nénglì
分辨率,resolution,fēnbiàn lǜ
员工,employee,yuángōng
大脑,brain,dànǎo
政治家,politician,zhèngzhì jiā
中间,middle,zhōngjiān
风暴,storm,fēngbào
发电,generation,fādiàn
评论家,critic,pínglùn jiā
风扇,fan,fēngshàn
科学家,scientist,kēxuéjiā
目标,target,mùbiāo
营地,camp,yíngdì
下午,afternoon,xiàwǔ
方向,direction,fāngxiàng
科学,science,kēxué
记者,journalist,jìzhě
度,degree,dù
外遇,affair,wàiyù
伤害,damage,shānghài
战略,strategy,zhànlüè
因素,factor,yīnsù
工厂,plant,gōngchǎng
民主,democracy,mínzhǔ
疑点,doubt,yídiǎn
该解决方案,solution,gāi jiějué fāng'àn
消费,spending,xiāofèi
培训,training,péixùn
滥用,abuse,lànyòng
危险,danger,wéixiǎn
环境,environment,huánjìng
记忆,memory,jìyì
大自然,nature,dà zìrán
材料,material,cáiliào
文件,document,wénjiàn
收入,income,shōurù
分析师,analyst,fēnxī shī
播放,play,bòfàng
后卫,guard,hòuwèi
酒店,hotel,jiǔdiàn
编辑,editor,biānjí
导弹,missile,dǎodàn
事故,accident,shìgù
目的,purpose,mùdì
作家,writer,zuòjiā
紧急,emergency,jǐn jí
成长,growth,chéngzhǎng
床上,bed,chuángshàng
福利,welfare,fúlì
成人,adult,chéngrén
信念,faith,xìnniàn
提案,proposal,tí'àn
该模型,model,gāi móxíng
军队,army,jūnduì
事件,incident,shìjiàn
包装盒,box,bāozhuāng hé
人群,crowd,rénqún
尊重,respect,zūnzhòng
部门,department,bùmén
访问,access,fǎngwèn
日期,date,rìqí
首席,chief,shǒuxí
天气,weather,tiānqì
机场,airport,jīchǎng
本机,machine,běn jī
窗口,window,chuāngkǒu
议程,agenda,yìchéng
建议,advice,jiànyì
起诉,prosecution,qǐsù
冲突,conflict,chōngtú
秋季,fall,qiūjì
试点,pilot,shìdiǎn
实践,practice,shíjiàn
轨道,track,guǐdào
店主,owner,diànzhǔ
增加,increase,zēngjiā
立法,legislation,lìfǎ
树,tree,shù
债务,debt,zhàiwù
敌人,enemy,dírén
卡车,truck,kǎchē
领先,lead,lǐngxiān
公约,convention,gōngyuē
援助,aid,yuánzhù
自杀,suicide,zìshā
质量,quality,zhìliàng
保守,conservative,bǎoshǒu
尺寸,size,chǐcùn
帐户,account,zhànghù
乐趣,pleasure,lèqù
该机构,institution,gāi jīgòu
航空公司,airline,hángkōng gōngsī
重量,weight,zhòngliàng
该方法,approach,gāi fāngfǎ
手术,surgery,shǒushù
节日,holiday,jiérì
开始,start,kāishǐ
胜利,victory,shènglì
区,district,qū
关系,relation,guānxì
搜索,search,sōusuǒ
船员,crew,chuányuán
面板,panel,miànbǎn
联盟,coalition,liánméng
举,move,jǔ
包,package,bāo
检查,check,jiǎnchá
少数,minority,shǎoshù
单位,unit,dānwèi
包,bag,bāo
惊喜,surprise,jīngxǐ
重点,focus,zhòngdiǎn
的情况下,circumstance,de qíngkuàng xià
生产者,producer,shēngchǎn zhě
投资,investment,tóuzī
球,ball,qiú
同事,colleague,tóngshì
资源,resource,zīyuán
判决,judgment,pànjué
后台,background,hòutái
工会,union,gōnghuì
地址,address,dìzhǐ
司机,driver,sījī
英雄,hero,yīngxióng
药,medicine,yào
代表,representative,dàibiǎo
汽车,vehicle,qìchē
指挥官,commander,zhǐhuī guān
艺术家,artist,yìshùjiā
市长,mayor,shì zhǎng
运行,run,yùnxíng
船,ship,chuán
屏幕,screen,píngmù
教训,lesson,jiàoxùn
驻地,resident,zhùdì
合作伙伴,partner,hézuò huǒbàn
酒吧,bar,jiǔbā
门票,ticket,ménpiào
灾难,disaster,zāinàn
性能,performance,xìngnéng
的支持者,supporter,de zhīchí zhě
杀手,killer,shāshǒu
谈判,negotiation,tánpàn
海,sea,hǎi
风,wind,fēng
鞋,shoe,xié
秘密,secret,mìmì
悲剧,tragedy,bēijù
礼物,gift,lǐwù
游,tour,yóu
经理,manager,jīnglǐ
乐队,band,yuèduì
诞生,birth,dànshēng
主人,host,zhǔrén
贷款,loan,dàikuǎn
指控,allegation,zhǐkòng
赢家,winner,yíngjiā
宗教,religion,zōngjiào
文章,article,wénzhāng
会议,session,huìyì
在幸福,being,zài xìngfú
范围,extent,fànwéi
合同,contract,hétóng
句子,sentence,jùzi
措施,measure,cuòshī
副,deputy,fù
信心,confidence,xìnxīn
地狱,hell,dìyù
救援,relief,jiùyuán
透视,perspective,tòushì
优势,advantage,yōushì
丑闻,scandal,chǒuwén
腿,leg,tuǐ
餐厅,restaurant,cāntīng
晚餐,dinner,wǎncān
客户端,client,kèhù duān
失败,failure,shībài
本季度,quarter,běn jìdù
元素,element,yuánsù
索赔,claim,suǒpéi
物业,property,wùyè
该版本,version,gāi bǎnběn
尝试,attempt,chángshì
公交车,bus,gōngjiāo chē
客户,customer,kèhù
上诉,appeal,shàngsù
英镑,pound,yīngbàng
保护,protection,bǎohù
基因,gene,jīyīn
石,stone,shí
反对派,opposition,fǎnduì pài
公寓,apartment,gōngyù
前,front,qián
女性,female,nǚxìng
囚犯,prisoner,qiúfàn
黑,black,hēi
帮派,gang,bāngpài
原则,principle,yuánzé
盟友,ally,méngyǒu
该顾问,adviser,gāi gùwèn
访问,visit,fǎngwèn
鸟,bird,niǎo
展台,stand,zhǎntái
通信,communication,tōngxìn
船,boat,chuán
连接,connection,liánjiē
关键,key,guānjiàn
罢工,strike,bàgōng
点球,penalty,diǎn qiú
警示,warning,jǐngshì
运气,luck,yùnqì
该DNA,dna,gāi DNA
精神,spirit,jīngshén
转,turn,zhuǎn
设施,facility,shèshī
小将,teenager,xiǎojiàng
承诺,commitment,chéngnuò
该项目,item,gāi xiàngmù
步骤,procedure,bùzhòu
半,half,bàn
坦克,tank,tǎnkè
电话,telephone,diànhuà
供应,supply,gōngyìng
态度,attitude,tàidù
块,block,kuài
债券,bond,zhàiquàn
风格,style,fēnggé
足球,football,zúqiú
燃料,fuel,ránliào
数据,data,shùjù
玻璃,glass,bōlí
西装,suit,xīzhuāng
实力,strength,shílì
批评,criticism,pīpíng
冰,ice,bīng
设备,equipment,shèbèi
承诺,promise,chéng nuò
回报,return,huíbào
这张专辑,album,zhè zhāng zhuānjí
生产,production,shēngchǎn
角落,corner,jiǎoluò
后果,consequence,hòuguǒ
客厅,living,kètīng
受伤,injury,shòushāng
封面,cover,fēngmiàn
现货,spot,xiànhuò
乳房,breast,rǔfáng
春天,spring,chūntiān
争议,controversy,zhēngyì
毁灭,destruction,huǐmiè
纵横,aspect,zònghéng
俱乐部,club,jùlèbù
飞机,aircraft,fēijī
该公司,firm,gāi gōngsī
政权,regime,zhèngquán
竞争,competition,jìngzhēng
利润,profit,lìrùn
知识,knowledge,zhīshì
发言人,spokesman,fāyán rén
审查,review,shěnchá
了解,understanding,liǎojiě
经济衰退,recession,jīngjì shuāituì
歌手,singer,gēshǒu
村,village,cūn
落网,arrest,luòwǎng
雪,snow,xuě
笑话,joke,xiàohuà
金,gold,jīn
联系人,contact,liánxì rén
需求,demand,xūqiú
任务,task,rènwù
孔,hole,kǒng
一般,general,yībān
皮肤,skin,pífū
计数,count,jìshù
对手,opponent,duìshǒu
结论,conclusion,jiélùn
优先级,priority,yōuxiān jí
强奸,rape,qiángjiān
难民,refugee,nànmín
山,mountain,shān
峰会,summit,fēnghuì
底部,bottom,dǐbù
管理,management,guǎnlǐ
佣金,commission,yōngjīn
范围,range,fànwéi
代码,code,dàimǎ
现金,cash,xiànjīn
口,mouth,kǒu
存在,presence,cúnzài
份额,share,fèn'é
时尚,fashion,shíshàng
形状,shape,xíngzhuàng
椅子,chair,yǐzi
手指,finger,shǒuzhǐ
鱼,fish,yú
版本,edition,bǎnběn
边缘,edge,biānyuán
极限,limit,jíxiàn
火车,train,huǒchē
信仰,belief,xìnyǎng
平衡,balance,pínghéng
交流,exchange,jiāoliú
农场,farm,nóngchǎng
区域,zone,qūyù
乘客,passenger,chéngkè
谎言,lie,huǎngyán
值班,duty,zhíbān
交通,traffic,jiāotōng
马,horse,mǎ
传统,tradition,chuántǒng
恢复,recovery,huīfù
检查员,inspector,jiǎnchá yuán
难度,difficulty,nándù
文件,file,wénjiàn
生日,birthday,shēngrì
财务,finance,cáiwù
崩溃,crash,bēngkuì
影响,influence,yǐngxiǎng
监管,regulation,jiānguǎn
分析,analysis,fēnxī
斗争,struggle,dòuzhēng
热,heat,rè
礼服,dress,lǐfú
发布,release,fābù
冬季,winter,dōngjì
该病毒,virus,gāi bìngdú
主题,theme,zhǔtí
概念,notion,gàiniàn
设备,device,shèbèi
愤怒,anger,fènnù
英文,english,yīngwén
旗,flag,qí
上下文,context,shàngxiàwén
翼,wing,yì
战斗,fighting,zhàndòu
模式,pattern,móshì
娱乐,entertainment,yúlè
外观,appearance,wàiguān
储蓄,saving,chúxù
投资者,investor,tóuzī zhě
桥,bridge,qiáo
结算,settlement,jiésuàn
雨,rain,yǔ
木,wood,mù
邮件,mail,yóujiàn
农民,farmer,nóngmín
谜,mystery,mí
祈祷,prayer,qídǎo
视力,vision,shìlì
抑郁症,depression,yìyù zhèng
爆炸,explosion,bàozhà
被告,defendant,bèigào
结构,structure,jiégòu
修正,amendment,xiūzhèng
攻击,assault,gōngjí
思维,thinking,sīwéi
该疗法,therapy,gāi liáofǎ
护士,nurse,hùshì
路径,path,lùjìng
资金,funding,zījīn
该工具,tool,gāi gōngjù
称号,title,chēnghào
住房,housing,zhùfáng
店,shop,diàn
投诉,complaint,tóusù
波,wave,bō
猫,cat,māo
地图,map,dìtú
雇主,employer,gùzhǔ
证明,proof,zhèngmíng
情感,emotion,qínggǎn
技能,skill,jìnéng
信任,trust,xìnrèn
话题,topic,huàtí
个性,personality,gèxìng
大厅,hall,dàtīng
内阁,cabinet,nèigé
骨,bone,gǔ
灵魂,soul,línghún
鸡,chicken,jī
地点,location,dìdiǎn
指示,indication,zhǐshì
扬声器,speaker,yángshēngqì
工资,wage,gōngzī
时代,era,shídài
要求,request,yāoqiú
老板,boss,lǎobǎn
教练,coach,jiàoliàn
地产,estate,dìchǎn
行业,sector,hángyè
鸡蛋,egg,jīdàn
股权,stake,gǔquán
停止,stop,tíngzhǐ
环,ring,huán
震荡,shock,zhèndàng
贡献,contribution,gòngxiàn
公布,announcement,gōngbù
香烟,cigarette,xiāngyān
厨房,kitchen,chúfáng
境内,territory,jìngnèi
命令,command,mìnglìng
岛,island,dǎo
抗议,protest,kàngyì
印象,impression,yìnxiàng
故障,fault,gùzhàng
海岸,coast,hǎi'àn
阅读,reading,yuèdú
品种,variety,pǐnzhǒng
收入,revenue,shōurù
钟,bell,zhōng
咖啡,coffee,kāfēi
酒精,alcohol,jiǔjīng
午餐,lunch,wǔcān
预期,expectation,yùqí
档次,grade,dàngcì
饮食,diet,yǐnshí
部分,section,bùfèn
耳朵,ear,ěrduǒ
天空,sky,tiānkōng
援助,assistance,yuánzhù
信号,signal,xìnhào
应力,stress,yìnglì
替代,alternative,tìdài
研究人员,researcher,yánjiū rényuán
电缆,cable,diànlǎn
开幕,opening,kāimù
沙滩,beach,shātān
志愿者,volunteer,zhìyuàn zhě
负担,burden,fùdān
侦探,detective,zhēntàn
玩具,toy,wánjù
增益,gain,zēngyì
资产,asset,zīchǎn
泳池,pool,yǒngchí
趋势,trend,qūshì
调查,survey,diàochá
这个星球,planet,zhège xīngqiú
江,river,jiāng
身份,identity,shēnfèn
大洋,ocean,dàyáng
喜悦,joy,xǐyuè
延迟,delay,yánchí
诊所,clinic,zhěnsuǒ
院子里,yard,yuànzi lǐ
尖端,tip,jiānduān
离婚,divorce,líhūn
太阳,sun,tàiyáng
行,row,xíng
短语,phrase,duǎnyǔ
万般,worth,wànbān
收集,collection,shōují
际,occasion,jì
表面,surface,biǎomiàn
领带,tie,lǐngdài
音乐家,musician,yīnyuè jiā
概念,concept,gàiniàn
张力,tension,zhānglì
结果,outcome,jiéguǒ
批准,approval,pīzhǔn
老乡,fellow,lǎoxiāng
美女,beauty,měinǚ
伤亡,casualty,shāngwáng
副本,copy,fùběn
矿井,mine,kuàngjǐng
手表,watch,shǒubiǎo
睡眠,sleep,shuìmián
平均,average,píngjūn
旅游,travel,lǚyóu
欺诈,fraud,qīzhà
类别,category,lèibié
演习,exercise,yǎnxí
信念,conviction,xìnniàn
主动,initiative,zhǔdòng
技术,technique,jìshù
录音,recording,lùyīn
视线,sight,shìxiàn
减少,reduction,jiǎnshǎo
整个,whole,zhěnggè
公司,corporation,gōngsī
激情,passion,jīqíng
葬礼,funeral,zànglǐ
青春,youth,qīngchūn
仪器,instrument,yíqì
距离,distance,jùlí
沙漠,desert,shāmò
周年,anniversary,zhōunián
写作,writing,xiězuò
入侵,invasion,rùqīn
妥协,compromise,tuǒxié
病情,illness,bìngqíng
泪,tear,lèi
门,gate,mén
林,forest,lín
实验,experiment,shíyàn
高尔夫,golf,gāo'ěrfū
人才,talent,réncái
后,post,hòu
差距,gap,chājù
牧师,priest,mùshī
小说,novel,xiǎoshuō
师,division,shī
欲望,desire,yùwàng
帽子,hat,màozi
抵押贷款,mortgage,dǐyā dàikuǎn
信誉,reputation,xìnyù
比分,score,bǐfēn
肩,shoulder,jiān
相对,relative,xiāngduì
列,column,liè
支付,payment,zhīfù
过渡,transition,guòdù
获奖,award,huòjiǎng
能力,capability,nénglì
定义,definition,dìngyì
口袋,pocket,kǒudài
速度,speed,sùdù
演唱会,concert,yǎnchàng huì
气候,climate,qìhòu
线索,clue,xiànsuǒ
啤酒,beer,píjiǔ
鼻子,nose,bízi
绿,green,lǜ
花园,garden,huāyuán
卫星,satellite,wèixīng
仪式,ceremony,yíshì
人类,human,rénlèi
发现,discovery,fāxiàn
搭,ride,dā
根,root,gēn
茶,tea,chá
的议案,motion,de yì'àn
百分比,percentage,bǎifēnbǐ
组合,combination,zǔhé
说明,explanation,shuōmíng
规模,scale,guīmó
链,chain,liàn
双子,twin,shuāngzǐ
容量,capacity,róngliàng
经销商,dealer,jīngxiāo shāng
触摸,touch,chùmō
旅程,journey,lǚchéng
委托,delegate,wěituō
链接,link,liànjiē
塑料,plastic,sùliào
刺激,stimulus,cìjī
帽,cap,mào
辊,roll,gǔn
建设,construction,jiànshè
意向,intention,yìxiàng
争议,dispute,zhēngyì
情绪,mood,qíngxù
设计,design,shèjì
童年,childhood,tóngnián
发动机,engine,fādòngjī
寿命,lifetime,shòumìng
噩梦,nightmare,èmèng
舞蹈,dance,wǔdǎo
餐,meal,cān
报价,offer,bàojià
义务,obligation,yìwù
前进,advance,qiánjìn
慈善,charity,císhàn
旅游,tourist,lǚyóu
工厂,factory,gōngchǎng
脂肪,fat,zhīfáng
盐,salt,yán
颈部,neck,jǐng bù
卧室,bedroom,wòshì
情节,episode,qíngjié
工程师,engineer,gōngchéngshī
处罚,punishment,chǔfá
测试,testing,cèshì
实例,instance,shílì
前景,prospect,qiánjǐng
购物,shopping,gòuwù
烟,smoke,yān
肉,meat,ròu
保持,hold,bǎochí
退休,retirement,tuìxiū
通胀,inflation,tōngzhàng
电视剧,drama,diànshìjù
办公桌,desk,bàngōng zhuō
工资,salary,gōngzī
圣经,bible,shèngjīng
补助,grant,bǔzhù
示范,demonstration,shìfàn
对话,dialogue,duìhuà
物质,substance,wùzhí
核心,core,héxīn
条约,treaty,tiáoyuē
人员,personnel,rényuán
样本,sample,yàngběn
战术,tactic,zhànshù
该方法,method,gāi fāngfǎ
噪音,noise,zàoyīn
客观,objective,kèguān
花,flower,huā
杯,cup,bēi
温度,temperature,wēndù
符号,symbol,fúhào
革命,revolution,gémìng
味道,taste,wèidào
博物馆,museum,bówùguǎn
配置文件,profile,pèizhì wénjiàn
建议,suggestion,jiànyì
路线,route,lùxiàn
牙齿,tooth,yáchǐ
顾问,consultant,gùwèn
该驱动器,drive,gāi qūdòngqì
无序,disorder,wú xù
糖,sugar,táng
崛起,rise,juéqǐ
该芯片,chip,gāi xīnpiàn
动机,motive,dòngjī
衬衫,shirt,chènshān
港口,port,gǎngkǒu
潜力,potential,qiánlì
时间表,schedule,shíjiān biǎo
议会,parliament,yìhuì
竞赛,contest,jìngsài
氛围,atmosphere,fēnwéi
分支,branch,fēnzhī
估计,estimate,gūjì
症状,symptom,zhèngzhuàng
参与,involvement,cānyù
歧视,discrimination,qíshì
天堂,heaven,tiāntáng
步行,walk,bùxíng
运营商,operator,yùnyíng shāng
推荐,recommendation,tuījiàn
叛军,rebel,pàn jūn
圆,round,yuán
制造商,maker,zhìzào shāng
酒,wine,jiǔ
此言,remark,cǐ yán
残局,mess,cánjú
调,tone,diào
阻力,resistance,zǔlì
的重要性,importance,de zhòngyào xìng
除,exception,chú
该平台,platform,gāi píngtái
刀,knife,dāo
感知,perception,gǎnzhī
收费,fee,shōufèi
主,master,zhǔ
圆,circle,yuán
的方式,manner,de fāngshì
喷气机,jet,pēnqì jī
意思,meaning,yìsi
评估,assessment,pínggū
板,plate,bǎn
费用,expense,fèiyòng
剧情,plot,jùqíng
课堂,classroom,kètáng
品牌,brand,pǐnpái
绘画,painting,huìhuà
屋顶,roof,wūdǐng
特权,privilege,tèquán
喝,drink,hē
禁令,ban,jìnlìng
内容,content,nèiróng
化学,chemical,huàxué
法国,french,fàguó
检查,inspection,jiǎnchá
激励,incentive,jīlì
钢琴,piano,gāngqín
瓶子,bottle,píngzi
浪费,waste,làngfèi
错误,error,cuòwù
标签,label,biāoqiān
时钟,clock,shízhōng
霜,cream,shuāng
好,good,hǎo
相,phase,xiāng
哲学,philosophy,zhéxué
行为,conduct,xíngwéi
周期,cycle,zhōuqí
电力,electricity,diànlì
主教,bishop,zhǔjiào
读者,reader,dúzhě
怀孕,pregnancy,huáiyùn
联赛,league,liánsài
宠物,pet,chǒngwù
基础,foundation,jīchǔ
繁荣,boom,fánróng
塔,tower,tǎ
该功能,feature,gāi gōngnéng
撤离,withdrawal,chèlí
呼吸,breath,hūxī
裂纹,crack,lièwén
生产厂家,manufacturer,shēngchǎn chǎngjiā
专科,specialist,zhuānkē
参考,reference,cānkǎo
传说,tale,chuán shuō
提供,provision,tígōng
历史学家,historian,lìshǐ xué jiā
电线,wire,diànxiàn
炒作,speculation,chǎozuò
这对,pair,zhè duì
借口,excuse,jièkǒu
巧克力,chocolate,qiǎokèlì
庆典,celebration,qìngdiǎn
奶酪,cheese,nǎilào
财富,fortune,cáifù
浴室,bathroom,yùshì
功能,function,gōngnéng
宇宙,universe,yǔzhòu
通道,channel,tōngdào
微笑,smile,wéixiào
牛奶,milk,niúnǎi
要求,requirement,yāoqiú
怀疑,suspicion,huáiyí
家庭,household,jiātíng
这一发现,finding,zhè yī fà xiàn
胸部,chest,xiōngbù
常规,routine,chángguī
考虑,consideration,kǎolǜ
图书馆,library,túshū guǎn
危害,harm,wéihài
保证金,margin,bǎozhèngjīn
对象,object,duìxiàng
吉他,guitar,jítā
按钮,button,ànniǔ
沉默,silence,chénmò
改善,improvement,gǎishàn
下降,drop,xiàjiàng
约会,appointment,yuēhuì
商人,businessman,shāngrén
流,flow,liú
金属,metal,jīnshǔ
镜子,mirror,jìngzi
目前,present,mùqián
运营商,carrier,yùnyíng shāng
表达,expression,biǎodá
命运,fate,mìngyùn
云计算,cloud,yún jìsuàn
肌肉,muscle,jīròu
皮带,belt,pídài
章,chapter,zhāng
字符串,string,zìfú chuàn
交易,trading,jiāoyì
诀窍,trick,juéqiào
指南,guide,zhǐnán
音量,volume,yīnliàng
幻想,fantasy,huànxiǎng
膝盖,knee,xīgài
该化合物,compound,gāi huàhéwù
胃,stomach,wèi
高度,height,gāodù
草案,draft,cǎo'àn
陌生人,stranger,mòshēng rén
感染,infection,gǎnrǎn
大众,mass,dàzhòng
纪律,discipline,jìlǜ
水果,fruit,shuǐguǒ
游客,visitor,yóukè
诗,poem,shī
现象,phenomenon,xiànxiàng
篱笆,fence,líbā
应用,application,yìngyòng
配方,recipe,pèifāng
服装,clothing,fúzhuāng
有罪,guilt,yǒuzuì
生存,survival,shēngcún
冠军,champion,guànjūn
统一,uniform,tǒngyī
打印,print,dǎyìn
马铃薯,potato,mǎlíngshǔ
安排,arrangement,ānpái
月亮,moon,yuèliàng
熊,bear,xióng
伤口,wound,shāngkǒu
稳定性,stability,wěndìng xìng
骄傲,pride,jiāo'ào
限制,restriction,xiànzhì
总,total,zǒng
障碍,barrier,zhàng'ài
表姐,cousin,biǎojiě
职业,occupation,zhíyè
银,silver,yín
蛋糕,cake,dàngāo
肺,lung,fèi
车轮,wheel,chēlún
观察者,observer,guānchá zhě
调,tune,diào
说明,description,shuōmíng
成立,establishment,chénglì
室,chamber,shì
恐怖,horror,kǒngbù
银行,banking,yínháng
苹果,apple,píngguǒ
寓意,implication,yùyì
钢,steel,gāng
喉咙,throat,hóulóng
精华,essence,jīnghuá
突袭,raid,túxí
区别,distinction,qūbié
德国,german,déguó
唇,lip,chún
时间,timing,shíjiān
敏锐的洞察力,insight,mǐnruì de dòngchá lì
政变,coup,zhèngbiàn
移位,shift,yí wèi
警察,policeman,jǐngchá
习惯,habit,xíguàn
板材,sheet,bǎncái
罪犯,offender,zuìfàn
午夜,midnight,wǔyè
执行,execution,zhíxíng
焦虑,anxiety,jiāolǜ
企业,enterprise,qǐyè
带钢,strip,dài gāng
弹出,pop,dànchū
奇迹,wonder,qíjī
影子,shadow,yǐngzi
自由,liberty,zìyóu
小说,fiction,xiǎoshuō
干预,intervention,gānyù
创作,creation,chuàngzuò
市场营销,marketing,shìchǎng yíngxiāo
基督教,christian,jīdūjiào
锅,pot,guō
钓鱼,fishing,diàoyú
早餐,breakfast,zǎocān
管,tube,guǎn
确定,determination,quèdìng
沙,sand,shā
许可,permission,xǔkě
指引,guideline,zhǐyǐn
羞,shame,xiū
骚乱,riot,sāoluàn
用户,user,yònghù
器官,organ,qìguān
度假村,resort,dùjiàcūn
设计师,designer,shèjì shī
比较,comparison,bǐjiào
就业,employment,jiùyè
面包,bread,miànbāo
希望,wish,xīwàng
情人,lover,qíngrén
夹克,jacket,jiákè
通,pass,tōng
章程,statute,zhāngchéng
步伐,pace,bùfá
框架,frame,kuàngjià
混乱,confusion,hǔnluàn
保证,guarantee,bǎozhèng
专员,commissioner,zhuānyuán
火焰,flame,huǒyàn
假设,assumption,jiǎshè
研究生,graduate,yánjiūshēng
入门,entry,rùmén
病房,ward,bìngfáng
赢,win,yíng
歌剧,opera,gējù
友谊,friendship,yǒuyì
曝光,exposure,pùguāng
猪,pig,zhū
大副,mate,dà fù
神经,nerve,shénjīng
长度,length,chángdù
牛,cow,niú
包,pack,bāo
指令,instruction,zhǐlìng
崩溃,collapse,bēngkuì
助手,assistant,zhùshǒu
异议,objection,yìyì
日记,diary,rìjì
学者,scholar,xuézhě
舒适,comfort,shūshì
准备,preparation,zhǔnbèi
全省,province,quán shěng
通过,passage,tōngguò
晶,crystal,jīng
齿轮,gear,chǐlún
行程,stroke,xíngchéng
下降,decline,xiàjiàng
成就,achievement,chéngjiù
存在,existence,cúnzài
联盟,alliance,liánméng
行业,profession,hángyè
交付,delivery,jiāofù
出版商,publisher,chūbǎn shāng
同情,sympathy,tóngqíng
菜,dish,cài
忧,worry,yōu
该组件,component,gāi zǔjiàn
冒险,adventure,màoxiǎn
作物,crop,zuòwù
打击,blow,dǎjí
为了,sake,wèile
罪,sin,zuì
养老金,pension,yǎnglǎo jīn
车库,garage,chēkù
辐射,radiation,fúshè
果汁,juice,guǒzhī
设置,setting,shèzhì
索引,index,suǒyǐn
蔬菜,vegetable,shūcài
该合作伙伴关系,partnership,gāi hézuò huǒbàn guānxì
诗歌,poetry,shīgē
识别,recognition,shìbié
自我,self,zìwǒ
站立,standing,zhànlì
组织,tissue,zǔzhī
外壳,shell,wàiké
队长,captain,duìzhǎng
坟墓,grave,fénmù
军衔,rank,jūnxián
性别,gender,xìngbié
短缺,shortage,duǎnquē
奖品,prize,jiǎngpǐn
大衣,coat,dàyī
种子,seed,zhǒngzǐ
大鼠,rat,dà shǔ
土壤,soil,tǔrǎng
岸边,shore,àn biān
失败,defeat,shībài
通知,notice,tōngzhī
开机,boot,kāijī
图表,chart,túbiǎo
该部,ministry,gāi bù
钻石,diamond,zuànshí
终点,finish,zhōngdiǎn
录取,admission,lùqǔ
黑暗,dark,hēi'àn
实验室,laboratory,shíyàn shì
专业,professional,zhuānyè
奖励,reward,jiǎnglì
婴儿,infant,yīng'ér
文本,text,wénběn
淋浴,shower,línyù
剂量,dose,jìliàng
恐慌,panic,kǒnghuāng
净,net,jìng
店员,clerk,diànyuán
矿工,miner,kuànggōng
代表团,delegation,dàibiǎo tuán
想象,imagination,xiǎngxiàng
团结,unity,tuánjié
叔叔,uncle,shūshu
成分,ingredient,chéngfèn
分配,assignment,fēnpèi
货币,currency,huòbì
电池,battery,diànchí
隧道,tunnel,suìdào
辞职,resignation,cízhí
买家,buyer,mǎi jiā
自行车,bike,zìxíngchē
兴奋,excitement,xīngfèn
鼠标,mouse,shǔbiāo
报警,alarm,bàojǐng
诗人,poet,shīrén
景观,landscape,jǐngguān
选择,selection,xuǎnzé
哭,cry,kū
分离,separation,fēnlí
显示器,display,xiǎnshìqì
残疾,disability,cánjí
计数器,counter,jìshùqì
冠军,championship,guànjūn
黄油,butter,huángyóu
画像,portrait,huàxiàng
棒,stick,bàng
工程,engineering,gōngchéng
神话,myth,shénhuà
作文,essay,zuòwén
冷,cold,lěng
煤炭,coal,méitàn
对比,contrast,duìbǐ
观察,observation,guānchá
尾,tail,wěi
机制,mechanism,jīzhì
该计划,scheme,gāi jìhuà
演示,presentation,yǎnshì
天使,angel,tiānshǐ
奖金,bonus,jiǎngjīn
藏,possession,cáng
学习,learning,xuéxí
教学,teaching,jiàoxué
甲板,deck,jiǎbǎn
生物,creature,shēngwù
运行,running,yùnxíng
文献,literature,wénxiàn
弱点,weakness,ruòdiǎn
蓝色,blue,lán sè
订婚,engagement,dìnghūn
不确定性,uncertainty,bù quèdìng xìng
查询,inquiry,cháxún
动力,motivation,dònglì
灰尘,dust,huīchén
高峰,peak,gāofēng
本能,instinct,běnnéng
针,needle,zhēn
叶子,leaf,yèzi
推出,launch,tuīchū
笑,laugh,xiào
请假,leave,qǐngjià
草,grass,cǎo
铁,iron,tiě
竞争对手,competitor,jìngzhēng duìshǒu
复杂,complex,fùzá
豆,bean,dòu
极,pole,jí
该船,vessel,gāi chuán
补贴,subsidy,bǔtiē
中标,bid,zhòngbiāo
登陆,landing,dēnglù
管道,pipe,guǎndào
解读,interpretation,jiědú
赛事,tournament,sàishì
臀部,hip,túnbù
诊断,diagnosis,zhěnduàn
球场,pitch,qiúchǎng
该杂志,journal,gāi zázhì
天花板,ceiling,tiānhuābǎn
出口,export,chūkǒu
意识,awareness,yìshí
十字,cross,shízì
吻,kiss,wěn
考试,examination,kǎoshì
帝国,empire,dìguó
更换,replacement,gēnghuàn
鸭,duck,yā
公式,formula,gōngshì
魔鬼,devil,móguǐ
限制,limitation,xiànzhì
赔偿,compensation,péicháng
邀请,invitation,yāoqǐng
声明,declaration,shēngmíng
意义,significance,yìyì
最后,final,zuìhòu
保费,premium,bǎofèi
救护车,ambulance,jiùhù chē
地毯,carpet,dìtǎn
寺庙,temple,sìmiào
组成,constituent,zǔchéng
特许经营,concession,tèxǔ jīngyíng
同意,consent,tóngyì
前提,premise,qiántí
遗产,heritage,yíchǎn
货架,shelf,huòjià
提示,hint,tíshì
节奏,rhythm,jiézòu
责任,liability,zérèn
脚跟,heel,jiǎogēn
该层,layer,gāi céng
应变,strain,yìngbiàn
碳,carbon,tàn
座谈会,forum,zuòtán huì
优点,merit,yōudiǎn
童,youngster,tóng
转移,transfer,zhuǎnyí
分布,distribution,fēnbù
扩张,expansion,kuòzhāng
深度,depth,shēndù
毯子,blanket,tǎnzi
王国,kingdom,wángguó
泥,mud,ní
到货,arrival,dào huò
反射,reflection,fǎnshè
信封,envelope,xìnfēng
储备,reserve,chúbèi
狩猎,hunting,shòuliè
家具,furniture,jiājù
手势,gesture,shǒushì
住所,residence,zhùsuǒ
野心,ambition,yěxīn
钉,nail,dīng
频谱,spectrum,pín pǔ
绘图,drawing,huìtú
热情,enthusiasm,rèqíng
笔,pen,bǐ
偏好,preference,piānhào
没有,absence,méiyǒu
氧,oxygen,yǎng
球队,squad,qiú duì
污染,pollution,wūrǎn
锁,lock,suǒ
扩展,extension,kuòzhǎn
参与者,participant,cānyù zhě
建筑师,architect,jiànzhú shī
替补,bench,tìbǔ
绳子,rope,shéngzi
目的,aim,mùdì
流,stream,liú
进化,evolution,jìnhuà
角,angle,jiǎo
管辖,jurisdiction,guǎnxiá
章程,charter,zhāngchéng
意识形态,ideology,yìshí xíngtài
潮,tide,cháo
代表,representation,dàibiǎo
鉴定,identification,jiàndìng
浓度,concentration,nóngdù
常态,norm,chángtài
传播,spread,chuánbò
对手,rival,duìshǒu
失望,disappointment,shīwàng
法庭,tribunal,fǎtíng
粮食,grain,liángshí
比例,proportion,bǐlì
傻瓜,fool,shǎguā
合并,merger,hébìng
忠诚,loyalty,zhōngchéng
出版,publication,chūbǎn
参与,participation,cānyù
逃生,escape,táoshēng
股东,shareholder,gǔdōng
选区,constituency,xuǎnqū
油漆,paint,yóuqī
马桶,toilet,mǎtǒng
鬼,ghost,guǐ
吸引力,attraction,xīyǐn lì
狮子,lion,shīzi
工艺,craft,gōngyì
自定义,custom,zì dìng yì
悬崖,cliff,xuányá
宫殿,palace,gōngdiàn
握,grip,wò
蛋白质,protein,dànbáizhí
准确度,accuracy,zhǔnquè dù
盗窃,theft,dàoqiè
寡妇,widow,guǎfù
验收,acceptance,yànshōu
雅绅特,accent,yǎshēntè
闻,smell,wén
出发,departure,chūfā
会员,membership,huìyuán
专业知识,expertise,zhuānyè zhīshì
修复,repair,xiūfù
大会,assembly,dàhuì
摘要,summary,zhāiyào
逻辑,logic,luójí
边界,boundary,biānjiè
相当于,equivalent,xiāngdāng yú
持有人,holder,chí yǒu rén
尺寸,dimension,chǐcùn
铁路,rail,tiělù
交易,transaction,jiāoyì
左,left,zuǒ
序列,sequence,xùliè
节日,festival,jiérì
坑,pit,kēng
地平线,horizon,dìpíngxiàn
碗,bowl,wǎn
购买,purchase,gòumǎi
原告,plaintiff,yuángào
阿姨,aunt,āyí
股权,equity,gǔquán
负载,load,fùzǎi
范围,scope,fànwéi
黑暗,darkness,hēi'àn
三明治,sandwich,sānmíngzhì
教区,parish,jiàoqū
关闭,closure,guānbì
桩,pile,zhuāng
所有权,ownership,suǒyǒuquán
起源,origin,qǐyuán
后卫,defender,hòuwèi
电路,circuit,diànlù
介绍,introduction,jièshào
模式,mode,móshì
打折,discount,dǎzhé
方程,equation,fāngchéng
实体,entity,shítǐ
该套件,kit,gāi tàojiàn
心理学,psychology,xīnlǐ xué
凭借,virtue,píngjiè
灵活性,flexibility,línghuó xìng
教练,trainer,jiàoliàn
大陆,continent,dàlù
交易者,trader,jiāo yì zhě
洗澡,bath,xǐzǎo
砖,brick,zhuān
该指标,indicator,gāi zhǐbiāo
卖家,seller,màijiā
促销,promotion,cùxiāo
冲突,clash,chōngtú
特点,characteristic,tèdiǎn
硬币,coin,yìngbì
保证,assurance,bǎozhèng
命题,proposition,mìngtí
舌头,tongue,shétou
最小,minimum,zuìxiǎo
集电极,collector,jí diànjí
资本主义,capitalism,zīběn zhǔyì
篮下,basket,lán xià
该框架,framework,gāi kuàngjià
意识,consciousness,yìshí
开关,switch,kāiguān
租金,rent,zūjīn
曲线,curve,qūxiàn
棉花,cotton,miánhuā
补丁,patch,bǔdīng
进口,import,jìnkǒu
隔离,isolation,gélí
高考,entrance,gāokǎo
必要性,necessity,bìyào xìng
广场,square,guǎngchǎng
蒸汽,steam,zhēngqì
农业,agriculture,nóngyè
改造,transformation,gǎizào
羊,sheep,yáng
刷,brush,shuā
数据库,database,shùjùkù
存款,deposit,cúnkuǎn
菜单,menu,càidān
调整,adjustment,tiáozhěng
胜利,triumph,shènglì
消费,consumption,xiāofèi
守护者,guardian,shǒuhù zhě
窗帘,curtain,chuānglián
满意,satisfaction,mǎnyì
计算,calculation,jìsuàn
车队,fleet,chēduì
补救措施,remedy,bǔjiù cuòshī
车道,lane,chēdào
证书,certificate,zhèngshū
游泳,swimming,yóuyǒng
发射,emission,fāshè
面料,fabric,miànliào
媒体,medium,méitǐ
效率,efficiency,xiàolǜ
互动,interaction,hùdòng
驾驶室,cab,jiàshǐ shì
复活节,easter,fùhuó jié
荣耀,glory,róngyào
接待处,reception,jiēdài chù
生产力,productivity,shēngchǎnlì
酸,acid,suān
仆人,servant,púrén
评估,evaluation,pínggū
磨,mill,mó
展览,exhibition,zhǎnlǎn
总和,sum,zǒnghé
对口,counterpart,duìkǒu
警长,sergeant,jǐng zhǎng
存储,storage,cúnchú
分数,fraction,fēnshù
创新,innovation,chuàng xīn
立场,stance,lìchǎng
马达,motor,mǎdá
格式,format,géshì
颗粒,particle,kēlì
跟踪,trace,gēnzōng
流体,fluid,liútǐ
课程设置,curriculum,kèchéng shèzhì
学说,doctrine,xuéshuō
开发商,developer,kāifā shāng
暂停,pause,zàntíng
拆除,removal,chāichú
感觉,sensation,gǎnjué
股息,dividend,gǔxí
垄断,monopoly,lǒngduàn
图库,gallery,túkù
讲座,lecture,jiǎngzuò
出租车,taxi,chūzū chē
自由裁量权,discretion,zìyóu cáiliáng quán
肉,flesh,ròu
商家,merchant,shāngjiā
数量,quantity,shùliàng
宠儿,darling,chǒng'ér
理由,justification,lǐyóu
画家,painter,huàjiā
混合物,mixture,hùnhéwù
违约,breach,wéiyuē
电梯,lift,diàntī
池塘,pond,chítáng
脸颊,cheek,liǎnjiá
继任者,successor,jìrèn zhě
登记,registration,dēngjì
咨询,consultation,zīxún
资格,qualification,zīgé
供应商,supplier,gōngyìng shāng
秋季,autumn,qiūjì
硬件,hardware,yìngjiàn
皮革,leather,pígé
兔子,rabbit,tùzǐ
段落,paragraph,duànluò
同伴,companion,tóngbàn
大头,bulk,dàtóu
走廊,corridor,zǒuláng
车间,workshop,chējiān
树荫,shade,shù yīn
会计,accountant,kuàijì
剑,sword,jiàn
形成,formation,xíngchéng
整合,integration,zhěnghé
支出,expenditure,zhīchū
输入,input,shūrù
杆,rod,gān
复杂性,complexity,fùzá xìng
裙子,skirt,qúnzi
昆虫,insect,kūnchóng
运输,transport,yùnshū
死亡率,mortality,sǐwáng lǜ
坡,slope,pō
恢复,restoration,huīfù
巢,nest,cháo
变化,variation,biànhuà
组成,composition,zǔchéng
冠,crown,guān
概率,probability,gàilǜ
解放,liberation,jiěfàng
出席,attendance,chūxí
有机体,organism,yǒujītǐ
保护,conservation,bǎohù
雕塑,sculpture,diāosù
香槟,champagne,xiāngbīn
架构,architecture,jiàgòu
大学,university,dàxué
千元,thousand,qiān yuán
百分比,percent,bǎifēnbǐ
局,bureau,jú
王,king,wáng
共和国,republic,gònghéguó
神,god,shén
十几,dozen,shí jǐ
旅行者,traveller,lǚxíng zhě
结,junction,jié
纤维,fibre,xiānwéi
接口,interface,jiēkǒu
修道院,abbey,xiūdàoyuàn
大道,avenue,dàdào
目录,directory,mùlù
威士忌,whisky,wēishìjì
公园,park,gōngyuán
美元,dollar,měiyuán
寿命,lifespan,shòumìng
公主,princess,gōngzhǔ
殖民地,colony,zhímíndì
百万,million,bǎi wàn
小山,hill,xiǎoshān
该熔点,mp,gāi róngdiǎn
楼梯,stairs,lóutī
汽油,petrol,qìyóu
教皇,pope,jiàohuáng
理事会,council,lǐshì huì
山谷,valley,shāngǔ
数十亿,billion,shù shí yì
面包车,van,miànbāochē
幽默,humour,yōumò
凝视,gaze,níngshì
保守党,tory,bǎoshǒu dǎng
老鹰,eagle,lǎoyīng
导师,tutor,dǎoshī
该法案,bill,gāi fǎ'àn
照片,photograph,zhàopiàn
寸,inch,cùn
查询,enquiry,cháxún
白,white,bái
理工学院,polytechnic,lǐgōng xuéyuàn
客栈,inn,kèzhàn
该女士,mrs,gāi nǚshì
大地,earth,dàdì
剧院,theatre,jùyuàn
裁判,ref,cáipàn
伯爵,earl,bójué
小岛,isle,xiǎo dǎo
在第一章,chap,zài dì yī zhāng
附录,appendix,fùlù
该研究所,institute,gāi yánjiū suǒ
该CORP,corp,gāi CORP
宪法,constitution,xiànfǎ
上校,colonel,shàngxiào
青睐,favour,qīnglài
知县,magistrate,zhīxiàn
最爱,favourite,zuì ài
插图,illustration,chātú
在妈妈,mum,zài māmā
标准,criterion,biāozhǔn
湖,lake,hú
合作,co,hézuò
小伙子,lad,xiǎohuǒzi
该规范,specification,gāi guīfàn
在毫秒,ms,zài háomiǎo
冗余,redundancy,rǒng yú
中心,centre,zhōngxīn
无花果,fig,wúhuāguǒ
木乃伊,mummy,mùnǎiyī
联邦,federation,liánbāng
其他,other,qítā
律师,solicitor,lǜshī
荣誉,honour,róngyù
红,red,hóng
警员,constable,jǐng yuán
海军,navy,hǎijūn
海港,harbour,hǎigǎng
社会学,sociology,shèhuì xué
建设者,builder,jiànshè zhě
进攻,offence,jìngōng
公爵,duke,gōngjué
照片,photo,zhàopiàn
传闻,rumour,chuánwén
分类,classification,fēnlèi
该程序,programme,gāi chéngxù
百,hundred,bǎi
县,county,xiàn
平,flat,píng
电视,tv,diànshì
该委员,councillor,gāi wěiyuán
仪表,metre,yíbiǎo
海湾,bay,hǎiwān
垃圾,rubbish,lèsè
货车,lorry,huòchē
橱柜,cupboard,chúguì
该毫米,mm,gāi háomǐ
该协会,association,gāi xiéhuì
该组织,organisation,gāi zǔzhī
一英里,mile,yī yīnglǐ
思念,miss,sīniàn
女王,queen,nǚwáng
判决,judgement,pànjué
目录,catalogue,mùlù
别墅,villa,biéshù
布什,bush,bùshí
劳动,labour,láodòng
防御,defence,fángyù
标记,mark,biāojì
邻居,neighbour,línjū
玫瑰,rose,méiguī
检查,cheque,jiǎnchá
自治市镇,borough,zìzhì shì zhèn
购买,purchaser,gòumǎi
爸爸,daddy,bàba
旅途,go,lǚtú
狗屎,shit,gǒu shǐ
英联邦,commonwealth,yīng liánbāng
王子,prince,wángzǐ
增值税,vat,zēngzhí shuì
配置,allocation,pèizhì
该厘米,cm,gāi límǐ
领取养老金,pensioner,lǐngqǔ yǎnglǎo jīn
艾滋病,aids,àizībìng
颜色,colour,yánsè
无,no,wú
在UNIX,unix,zài UNIX
国库,treasury,guókù
英亩,acre,yīngmǔ
犹太人,jew,yóutàirén
在吨,tonne,zài dūn
大主教,archbishop,dàzhǔjiào
主,lord,zhǔ
行为,behaviour,xíngwéi
许可,licence,xǔkě
诉讼,proceeding,sùsòng
露台,terrace,lùtái
频率,frequency,pínlǜ
研讨会,seminar,yántǎo huì
内饰,interior,nèi shì
诗句,verse,shījù
收据,receipt,shōujù
品种,breed,pǐnzhǒng
测量,measurement,cè liáng
手掌,palm,shǒuzhǎng
码头,dock,mǎtóu
个人电脑,pc,gèrén diànnǎo
缺点,disadvantage,quēdiǎn
安装,installation,ānzhuāng
广告,advertisement,guǎnggào
实施,implementation,shíshī
投资组合,portfolio,tóuzī zǔhé
木材,timber,mùcái
该条款,clause,gāi tiáokuǎn
话语,discourse,huàyǔ
光盘,disc,guāngpán
刀片,blade,dāopiàn
比,ratio,bǐ
矿产,mineral,kuàngchǎn
大纲,outline,dàgāng
加,addition,jiā
机械,machinery,jīxiè
运河,canal,yùnhé
当地,local,dāngdì
处置,disposal,chǔzhì
拒绝,refusal,jùjué
域,domain,yù
寄存器,register,jìcúnqì
审计,audit,shěnjì
可用性,availability,kěyòngxìng
收购,acquisition,shōugòu
自主,autonomy,zìzhǔ
丝绸,silk,sīchóu
梁,beam,liáng
住宿,accommodation,zhùsù
申请人,applicant,shēnqǐng rén
修改,modification,xiūgǎi
锡,tin,xī
片段,fragment,piànduàn
房客,tenant,fángkè
转换,conversion,zhuǎnhuàn
供应商,vendor,gōngyìng shāng
从业,practitioner,cóngyè
喜悦,delight,xǐyuè
过滤器,filter,guòlǜ qì
铜牌,bronze,tóngpái
门口,doorway,ménkǒu
发病率,incidence,fābìng lǜ
租赁,lease,zūlìn
约束,constraint,yuēshù
布,cloth,bù
幼儿园,nursery,yòu ér yuán
债权人,creditor,zhàiquánrén
税收,taxation,shuìshōu
磁盘,disk,cípán
词典,dictionary,cídiǎn
概念,conception,gàiniàn
受托人,trustee,shòutuō rén
分子,molecule,fēnzǐ
控股,holding,kònggǔ
山寨,cottage,shānzhài
房东,landlord,fángdōng
继承,succession,jìchéng
温暖,warmth,wēnnuǎn
法术,spell,fǎshù
礼拜堂,chapel,lǐbàitáng
休闲,leisure,xiūxián
统治,reign,tǒngzhì
回复,reply,huífù
时间,duration,shíjiān
城堡,castle,chéngbǎo
层次结构,hierarchy,céngcì jiégòu
相关,correlation,xiāngguān
排除,exclusion,páichú
酒馆,pub,jiǔguǎn
假设,hypothesis,jiǎshè
灯,lamp,dēng
球体,sphere,qiútǐ
校长,chancellor,xiàozhǎng
农民,peasant,nóngmín
输出,output,shūchū
皇帝,emperor,huángdì
扫视,glance,sǎoshì
试样,specimen,shì yàng
该指令,directive,gāi zhǐlìng
论文,thesis,lùnwén
工作,working,gōng zuò
橡木,oak,xiàngmù
成交,turnover,chéngjiāo
津贴,allowance,jīntiē
托盘,tray,tuōpán
核数师,auditor,hé shù shī
服务器,server,fúwùqì
大教堂,cathedral,dà jiàotáng
可惜,pity,kěxí
变量,variable,biànliàng
粘土,clay,niántǔ
马车,carriage,mǎchē
电影院,cinema,diànyǐngyuàn
传单,leaflet,chuándān
铜,copper,tóng
密度,density,mìdù
子公司,subsidiary,zǐ gōngsī
解雇,dismissal,jiěgù
完成,completion,wánchéng
处理器,processor,chǔlǐ qì
包,packet,bāo
羊毛,wool,yángmáo
标题,heading,biāotí
语法,grammar,yǔfǎ
路面,pavement,lùmiàn
接收器,receiver,jiēshōu qì
模块,module,mókuài
铁路,railway,tiělù
瞳孔,pupil,tóngkǒng
板球,cricket,bǎn qiú
打印机,printer,dǎyìnjī
间隔,interval,jiàngé
图,diagram,tú
混蛋,bastard,húndàn
